epoch,loss,val_loss
0,4.797262191772461,4.782775573140567
0,0.6006101267940619,0.27399944635898676
